{"ZPT":12836.6882,"Harm":[3380.204,3344.337,3343.909,3343.294,1439.168,1149.151,1148.802,1147.682,891.241,886.095,880.108,838.864,835.461,777.788,771.999,765.922,566.473,558.632],"Fund":[3242.571,3210.903,3210.302,3208.139,1411.88,1096.5,1097.515,1095.875,849.734,849.764,835.723,810.296,805.919,751.138,753.776,742.033,496.87,482.759],"Corr":[3242.5713,3210.9032,3210.3023,3208.1392,1425.1356,1096.5002,1094.6412,1090.8827,849.7344,849.7639,835.7229,810.2964,805.9192,751.1381,753.7756,742.0329,496.8697,482.7592],"Rots":[[0.4559016,0.4547812,0.4558807],[0.4550257,0.4538987,0.4550193],[0.4550338,0.4537988,0.4552848],[0.4552465,0.4537813,0.4550599],[0.454946,0.4542853,0.4548411],[0.4549356,0.4538477,0.4549158],[0.4561905,0.4553465,0.4565755],[0.4563431,0.4553997,0.4562151],[0.4553984,0.4538611,0.4550793],[0.4578187,0.4561816,0.4601849],[0.4623552,0.4558649,0.4561197],[0.4486813,0.4534831,0.4524421],[0.4565291,0.4538858,0.455253],[0.4549461,0.4539324,0.4563598],[0.4650493,0.4553144,0.4566722],[0.4526728,0.4543927,0.4560932],[0.4476675,0.4534694,0.4523915],[0.4548187,0.4540514,0.4553752],[0.4554894,0.4541017,0.4548448]],"Deltas":[0.0076781538,-0.0029741584,0.0032630758,0.0001155229,-0.0015608949],"Phis":[0.00593385604,0.5313294682,0.1639286984,-0.6396335514,0.001501665781,-0.09441950482,0.2552856312],"Rhead":["r(H1-C2)","r(C2-C3)","r(C2-C4)","r(C2-C5)","r(C2-H6)","r(C2-H7)","r(C2-H8)","\u003c(H1-C3-C2)","\u003c(H1-C4-C2)","\u003c(H1-C5-C2)","\u003c(H1-H6-C2)","\u003c(H1-H7-C2)","\u003c(H1-H8-C2)"],"Ralpha":[1.0659225,1.4858685,1.4858151,1.4856714,2.4355085,2.4355246,2.4356449,20.662404,20.7138238,20.6447013,35.281864,35.3425521,35.2494002],"Requil":[1.0686258,1.4775154,1.4775154,1.4775154,2.4301231,2.4301231,2.4301231,20.5831105,20.6304022,20.5831105,35.277263,35.3359108,35.277263],"Fermi":["2v_15=2v_16=v_17+v_12=v_18+v_13=v_5","v_17+v_14=v_17+v_15=v_17+v_16=v_18+v_14=v_18+v_15=v_18+v_16=v_6","v_17+v_14=v_17+v_16=v_18+v_14=v_18+v_15=v_18+v_16=v_7","v_17+v_14=v_17+v_15=v_18+v_16=v_8"],"Be":[0.45944,0.45944,0.45836],"Lin":false,"Imag":false,"LX":[3380.2,3344.34,3343.91,3343.29,1439.17,1149.15,1148.8,1147.68,891.24,886.1,880.11,838.86,835.46,777.79,772,765.92,566.47,558.63,59.09,16,0.62,8.61,17.89,56.58]}
